City_ID,City,Country,Date,Lat,Lng,Max Temp,Humidity,Cloudiness,Wind Speed
0,Ushuaia,AR,2020-12-02 3:44,-54.8,-68.3,37.4,91,75,14.99
1,Upernavik,GL,2020-12-02 3:46,72.79,-56.15,13.87,95,100,14.14
2,Piopio,NZ,2020-12-02 3:46,-38.47,175.02,73,53,85,3
3,Vaini,TO,2020-12-02 3:46,-21.2,-175.2,80.6,74,75,8.05
4,Bluff,NZ,2020-12-02 3:46,-46.6,168.33,55.17,75,99,29.97
5,Rikitea,PF,2020-12-02 3:46,-23.12,-134.97,75.78,66,79,5.03
6,Aripuana,BR,2020-12-02 3:46,-9.17,-60.63,73.99,89,100,0.72
7,Vondrozo,MG,2020-12-02 3:46,-22.82,47.28,72.59,78,1,1.7
8,Burley,US,2020-12-02 3:46,42.54,-113.79,24.8,79,1,3.36
9,Rioja,AR,2020-12-02 3:46,-29.41,-66.85,77.59,58,48,0.4
10,Yellowknife,CA,2020-12-02 3:46,62.46,-114.35,24.8,85,20,11.41
11,Coahuayana,MX,2020-12-02 3:46,18.73,-103.68,73.6,81,96,2.86
12,Bredasdorp,ZA,2020-12-02 3:46,-34.53,20.04,53.6,87,95,3.36
13,Yenagoa,NG,2020-12-02 3:46,4.92,6.26,75.87,94,14,3.36
14,Chernaya Kholunitsa,RU,2020-12-02 3:46,58.85,51.72,13.77,92,99,9.15
15,Monchegorsk,RU,2020-12-02 3:46,67.94,32.87,19.89,95,38,2.62
16,Hermanus,ZA,2020-12-02 3:46,-34.42,19.23,57,65,84,8.01
17,Mount Isa,AU,2020-12-02 3:43,-20.73,139.5,105.8,18,15,9.17
18,Balkhash,KZ,2020-12-02 3:45,46.84,74.98,6.8,71,0,22.37
19,Qaanaaq,GL,2020-12-02 3:46,77.48,-69.36,-0.49,88,100,8.39
20,Avarua,CK,2020-12-02 3:46,-21.21,-159.78,82.4,74,16,10.29
21,Hobart,AU,2020-12-02 3:43,-42.88,147.33,63,41,40,25.28
22,Nome,US,2020-12-02 3:46,64.5,-165.41,8.6,71,1,8.05
23,Castro,BR,2020-12-02 3:46,-24.79,-50.01,62.26,96,82,9.1
24,Port Elizabeth,ZA,2020-12-02 3:46,-33.92,25.57,59,77,75,8.05
25,Myitkyina,MM,2020-12-02 3:46,25.38,97.4,74.46,40,0,1.81
26,Tuktoyaktuk,CA,2020-12-02 3:46,69.45,-133.04,-0.4,84,20,8.05
27,Otukpo,NG,2020-12-02 3:46,7.19,8.13,70.52,80,23,4.36
28,Coquimbo,CL,2020-12-02 3:46,-29.95,-71.34,55.4,93,0,2.24
29,Punta Arenas,CL,2020-12-02 3:44,-53.15,-70.92,39.2,80,75,9.17
30,Port Alfred,ZA,2020-12-02 3:46,-33.59,26.89,59.58,73,70,16.46
31,Cape Town,ZA,2020-12-02 3:45,-33.93,18.42,60.01,62,20,13.87
32,Bathsheba,BB,2020-12-02 3:46,13.22,-59.52,78.8,83,20,11.41
33,Mandali,IQ,2020-12-02 3:46,33.75,45.55,58.84,64,23,1.7
34,Taylor,US,2020-12-02 3:46,32.3,-99.83,53.6,30,1,21.92
35,Bilibino,RU,2020-12-02 3:46,68.05,166.44,-17,85,5,1.72
36,Samarai,PG,2020-12-02 3:46,-10.62,150.67,83.07,75,100,9.78
37,Shimanovsk,RU,2020-12-02 3:46,52,127.7,7.99,88,0,7
38,Klaksvik,FO,2020-12-02 3:46,62.23,-6.59,42.8,81,40,14.99
39,Calabozo,VE,2020-12-02 3:46,8.92,-67.43,75.15,89,62,4.41
40,Hasaki,JP,2020-12-02 3:44,35.73,140.83,48.2,81,75,10.29
41,Airai,TL,2020-12-02 3:46,-8.93,125.41,74.08,77,93,2.21
42,Katsuura,JP,2020-12-02 3:46,35.13,140.3,50,81,75,13.87
43,Nikolskoye,RU,2020-12-02 3:46,59.7,30.79,34,86,40,4.47
44,Pietersburg,ZA,2020-12-02 3:46,-23.9,29.47,66.2,68,40,4.7
45,Atuona,PF,2020-12-02 3:46,-9.8,-139.03,78.26,78,1,14.94
46,Carutapera,BR,2020-12-02 3:46,-1.2,-46.02,77.05,89,64,5.46
47,Orzhytsya,UA,2020-12-02 3:46,49.79,32.7,32.61,97,100,10
48,Mataura,NZ,2020-12-02 3:43,-46.19,168.86,61.56,46,81,15.01
49,Kapaa,US,2020-12-02 3:46,22.08,-159.32,78.8,65,75,6.93
50,Lebu,CL,2020-12-02 3:46,-37.62,-73.65,51.64,80,0,14.18
51,Westport,US,2020-12-02 3:44,41.14,-73.36,39,65,23,15.75
52,Ust-Omchug,RU,2020-12-02 3:46,61.15,149.63,-12.39,86,95,1.63
53,Iqaluit,CA,2020-12-02 3:46,63.75,-68.51,14,72,75,10.29
54,Clyde River,CA,2020-12-02 3:46,70.47,-68.59,14,78,1,21.92
55,Jamestown,US,2020-12-02 3:46,42.1,-79.24,30,92,90,12.75
56,Kamenka,RU,2020-12-02 3:46,51.32,42.77,17.29,90,4,10.78
57,Palu,ID,2020-12-02 3:46,-0.89,119.87,82.69,76,37,6.38
58,Saldanha,ZA,2020-12-02 3:46,-33.01,17.94,55.4,71,0,8.05
59,Buchanan,LR,2020-12-02 3:46,5.88,-10.05,77,94,40,4.7
60,Biak,ID,2020-12-02 3:46,-0.91,122.88,85.55,67,100,2.15
61,Staryy Nadym,RU,2020-12-02 3:46,65.61,72.68,19.06,93,0,16.78
62,Vila,PT,2020-12-02 3:46,42.03,-8.16,46,78,95,8.99
63,Praya,CV,2020-12-02 3:46,14.92,-23.51,73.4,73,0,11.41
64,Hoi An,VN,2020-12-02 3:42,15.88,108.33,78.8,69,75,8.05
65,New Norfolk,AU,2020-12-02 3:46,-42.78,147.06,63,47,0,8.99
66,Tasiilaq,GL,2020-12-02 3:46,65.61,-37.64,21.2,62,100,18.34
67,Lata,PT,2020-12-02 3:46,40.16,-8.33,54,100,84,3.36
68,Hithadhoo,MV,2020-12-02 3:46,-0.6,73.08,82.35,75,99,12.55
69,Petropavl,KZ,2020-12-02 3:46,54.88,69.16,-13,83,0,6.71
70,Morristown,US,2020-12-02 3:46,36.21,-83.29,28.99,79,12,4.7
71,Busselton,AU,2020-12-02 3:46,-33.65,115.33,79,30,0,8.43
72,Severo-Kurilsk,RU,2020-12-02 3:46,50.68,156.12,29.44,90,67,14.94
73,Collie,AU,2020-12-02 3:46,-33.37,116.15,79,30,0,6.82
74,Epe,NG,2020-12-02 3:46,6.58,3.98,76.87,95,28,3.8
75,Talnakh,RU,2020-12-02 3:46,69.49,88.4,21.2,100,90,26.84
76,Sitka,US,2020-12-02 3:46,57.05,-135.33,53.6,81,90,32.21
77,Koungheul,SN,2020-12-02 3:46,13.98,-14.8,74.98,31,30,11.59
78,Henties Bay,NA,2020-12-02 3:46,-22.12,14.28,55.99,91,41,3.51
79,Kaspiysk,RU,2020-12-02 3:46,42.88,47.64,42.8,87,75,4.47
80,Olafsvik,IS,2020-12-02 3:46,64.89,-23.71,28,94,100,36.82
81,La Rioja,ES,2020-12-02 3:46,42.25,-2.5,44.6,65,0,10.29
82,Konstantinovka,RU,2020-12-02 3:46,49.62,127.98,9.37,90,34,3.53
83,Horsham,GB,2020-12-02 3:46,51.06,-0.33,36,93,0,2.24
84,Dikson,RU,2020-12-02 3:46,73.51,80.55,29.16,99,100,28.34
85,Cap-Aux-Meules,CA,2020-12-02 3:46,47.38,-61.86,50,87,100,19.46
86,Bambous Virieux,MU,2020-12-02 3:46,-20.34,57.76,80.01,94,40,8.05
87,Mar Del Plata,AR,2020-12-02 3:46,-38,-57.56,64,88,0,9.17
88,Te Anau,NZ,2020-12-02 3:46,-45.42,167.72,44.04,92,99,7.54
89,Victoria,HK,2020-12-02 3:46,22.29,114.16,71.01,60,0,3
90,Los Llanos De Aridane,ES,2020-12-02 3:46,28.66,-17.92,66.2,55,0,6.93
91,Albany,US,2020-12-02 3:43,42.6,-73.97,39.99,48,22,7.14
92,Meulaboh,ID,2020-12-02 3:46,4.14,96.13,85.24,65,44,3.06
93,Sao Felix Do Xingu,BR,2020-12-02 3:46,-6.64,-51.99,72.59,87,51,1.05
94,Cabo San Lucas,MX,2020-12-02 3:46,22.89,-109.91,66.99,68,5,6.93
95,Nkhata Bay,MW,2020-12-02 3:46,-11.61,34.29,79.05,62,99,3
96,Kasongo,CD,2020-12-02 3:46,-4.45,26.67,68.99,99,100,1.5
97,Longyearbyen,SJ,2020-12-02 3:46,78.22,15.64,5,65,40,8.05
98,Kiunga,PG,2020-12-02 3:46,-6.12,141.29,95.47,47,37,1.61
99,Kodiak,US,2020-12-02 3:44,57.79,-152.41,37.4,86,90,14.99
100,Imbituba,BR,2020-12-02 3:45,-28.24,-48.67,69.8,94,75,1.12
101,Puerto Ayora,EC,2020-12-02 3:46,-0.74,-90.35,71.01,92,55,1.01
102,Saint-Philippe,RE,2020-12-02 3:46,-21.36,55.77,80.6,69,90,2.24
103,Butaritari,KI,2020-12-02 3:46,3.07,172.79,82.09,78,77,11.83
104,Mogadishu,SO,2020-12-02 3:46,2.04,45.34,78.55,79,51,16.89
105,Aki,JP,2020-12-02 3:46,33.5,133.9,60.8,55,20,3.36
106,Dabakala,CI,2020-12-02 3:46,8.37,-4.43,72.57,86,0,3.71
107,Benjamin Aceval,PY,2020-12-02 3:46,-24.97,-57.57,76.3,73,2,5.03
108,Kibala,TD,2020-12-02 3:46,9.11,18.35,66.2,77,0,1.5
109,Fossombrone,IT,2020-12-02 3:46,43.69,12.81,43,93,90,5.82
110,Khatanga,RU,2020-12-02 3:46,71.97,102.5,27.59,98,100,25.01
111,Bethel,US,2020-12-02 3:46,41.37,-73.41,37.99,59,90,13.87
112,Ahipara,NZ,2020-12-02 3:46,-35.17,173.17,67.73,73,61,4.43
113,Yambio,SS,2020-12-02 3:46,4.57,28.4,67.3,70,100,2.37
114,Majene,ID,2020-12-02 3:46,-3.54,118.97,87.53,63,2,9.75
115,Qurayyat,SA,2020-12-02 3:46,31.33,37.34,53.6,81,75,9.17
116,Omboue,GA,2020-12-02 3:46,-1.57,9.26,76.12,91,100,9.48
117,Simoes,BR,2020-12-02 3:46,-7.6,-40.82,79.09,44,84,5.75
118,Guadalajara,MX,2020-12-02 3:45,20.67,-103.33,64.4,48,5,5.82
119,Hamilton,US,2020-12-02 3:46,39.18,-84.53,30.99,68,75,10.29
120,Ribeira Grande,PT,2020-12-02 3:46,38.52,-28.7,62.38,79,100,34.02
121,Avera,US,2020-12-02 3:46,33.19,-82.53,33.8,92,1,4.7
122,Sibut,CF,2020-12-02 3:46,5.72,19.07,69.06,36,68,3.85
123,Mana,GF,2020-12-02 3:46,5.66,-53.78,76.59,88,92,8.57
124,Burnie,AU,2020-12-02 3:46,-41.07,145.92,57.99,47,0,18.01
125,Souillac,MU,2020-12-02 3:44,-20.52,57.52,77,94,40,8.05
126,Paamiut,GL,2020-12-02 3:46,61.99,-49.67,19.72,80,31,12.33
127,Bol,TD,2020-12-02 3:46,13.46,14.71,74.86,38,13,16.42
128,Magadan,RU,2020-12-02 3:46,59.57,150.8,11.82,92,66,4.36
129,Anadyr,RU,2020-12-02 3:46,64.75,177.48,-18.4,82,75,4.47
130,Luderitz,NA,2020-12-02 3:46,-26.65,15.16,60.8,63,0,16.11
131,Xocali,AZ,2020-12-02 3:46,39.91,46.79,38.88,74,0,1.1
132,Arraial Do Cabo,BR,2020-12-02 3:46,-22.97,-42.03,74.82,88,92,6.42
133,Pacific Grove,US,2020-12-02 3:42,36.62,-121.92,53.6,87,1,3.36
134,Narsingdi,BD,2020-12-02 3:46,23.92,90.72,75.2,78,0,3.78
135,Tim,RU,2020-12-02 3:46,51.62,37.12,21.2,79,0,11.18
136,Volksrust,ZA,2020-12-02 3:46,-27.37,29.88,54.57,89,66,3.42
137,Beringovskiy,RU,2020-12-02 3:46,63.05,179.32,-1.16,92,100,10.27
138,Dali,CN,2020-12-02 3:46,25.7,100.18,58.05,48,13,4.5
139,Viedma,AR,2020-12-02 3:46,-40.81,-63,66,29,6,5.99
140,Gat,IL,2020-12-02 3:46,31.61,34.76,51.8,87,20,4.7
141,Kavaratti,IN,2020-12-02 3:46,10.57,72.64,83.12,72,83,9.91
142,Sola,VU,2020-12-02 3:46,-13.88,167.55,78.22,77,86,15.79
143,Hudson Bay,CA,2020-12-02 3:46,52.85,-102.38,22.3,96,78,6.06
144,Saint-Francois,FR,2020-12-02 3:46,46.42,3.91,43,93,75,6.93
145,Krasnoselkup,RU,2020-12-02 3:46,65.7,82.47,8.33,95,100,18.92
146,Nishihara,JP,2020-12-02 3:44,26.18,127.76,73.4,78,90,11.41
147,East London,ZA,2020-12-02 3:46,-33.02,27.91,57.2,76,20,13.87
148,Kastamonu,TR,2020-12-02 3:46,41.5,33.67,33.1,91,52,0.87
149,Sisimiut,GL,2020-12-02 3:46,66.94,-53.67,16.56,94,100,8.21
150,Padang,ID,2020-12-02 3:46,-0.95,100.35,85.46,55,17,5.59
151,Olga,RU,2020-12-02 3:46,43.74,135.29,26.13,75,0,6.53
152,Gull Lake,CA,2020-12-02 3:46,50.1,-108.48,17.6,78,1,10.29
153,Grand-Santi,GF,2020-12-02 3:46,4.25,-54.38,72,96,100,2.93
154,Thompson,CA,2020-12-02 3:46,55.74,-97.86,21.2,92,90,3.36
155,Fortuna,US,2020-12-02 3:46,40.6,-124.16,43,90,44,3.38
156,Georgetown,MY,2020-12-02 3:46,5.41,100.34,84.2,74,20,3.36
157,Andenes,NO,2020-12-02 3:46,69.31,16.12,35.6,64,100,24.16
158,Quesnel,CA,2020-12-02 3:45,53,-122.5,26.6,79,1,2.24
159,Provideniya,RU,2020-12-02 3:46,64.38,-173.3,15.8,66,0,17.9
160,Okhotsk,RU,2020-12-02 3:46,59.38,143.3,-7.82,85,0,16.73
161,Sistranda,NO,2020-12-02 3:44,63.73,8.83,37.4,74,0,20.8
162,Norman Wells,CA,2020-12-02 3:46,65.28,-126.83,5,92,20,6.64
163,Tubay,PH,2020-12-02 3:46,9.17,125.52,86.11,66,100,3.58
164,Puerto Colombia,CO,2020-12-02 3:46,10.99,-74.95,78.8,100,40,3.36
165,Honiara,SB,2020-12-02 3:46,-9.43,159.95,89.6,59,75,11.41
166,Uyuni,BO,2020-12-02 3:42,-20.46,-66.83,54.39,45,58,20.62
167,Knysna,ZA,2020-12-02 3:46,-34.04,23.05,53.6,87,40,5.82
168,Pevek,RU,2020-12-02 3:46,69.7,170.31,-9.47,87,71,7.14
169,Prince Rupert,CA,2020-12-02 3:46,54.32,-130.32,48.2,76,90,20.8
170,Mount Gambier,AU,2020-12-02 3:46,-37.83,140.77,62.6,45,90,10.29
171,Simbahan,PH,2020-12-02 3:46,6.3,120.58,82.87,79,72,13.87
172,Havoysund,NO,2020-12-02 3:46,71,24.66,32,91,0,13.87
173,Itarema,BR,2020-12-02 3:46,-2.92,-39.92,79.7,79,28,14.03
174,Pavlodar,KZ,2020-12-02 3:46,52.3,76.95,-7.6,76,75,2.86
175,Carnarvon,AU,2020-12-02 3:46,-24.87,113.63,78.8,57,0,18.34
176,Tlalmanalco,MX,2020-12-02 3:46,19.22,-98.8,60.8,55,75,6.93
177,San Patricio,US,2020-12-02 3:46,28.02,-97.52,61,87,20,8.05
178,Alofi,NU,2020-12-02 3:46,-19.06,-169.92,82.4,83,75,11.41
179,Sao Filipe,CV,2020-12-02 3:46,14.9,-24.5,75.15,74,99,11.79
180,Lisala,CD,2020-12-02 3:46,2.15,21.52,68.5,65,70,1.57
181,Impfondo,CG,2020-12-02 3:46,1.64,18.07,70.02,65,72,0.96
182,Bambanglipuro,ID,2020-12-02 3:46,-7.95,110.28,86.65,62,53,5.77
183,Dwarka,IN,2020-12-02 3:46,22.24,68.97,80.56,46,0,10.2
184,Wattegama,LK,2020-12-02 3:46,6.8,81.48,82.4,88,40,6.93
185,Vila Do Maio,CV,2020-12-02 3:46,15.13,-23.22,73.4,73,0,11.41
186,Zhanaozen,KZ,2020-12-02 3:44,43.3,52.8,27.34,89,95,17.49
187,Lompoc,US,2020-12-02 3:46,34.64,-120.46,51.8,87,1,3.47
188,Summerville,US,2020-12-02 3:44,33.02,-80.18,37.4,80,1,5.84
189,Tiksi,RU,2020-12-02 3:46,71.69,128.87,-2.72,88,100,23.31
190,Gainesville,US,2020-12-02 3:46,29.65,-82.32,32,92,1,2.75
191,Pasni,PK,2020-12-02 3:46,25.26,63.47,75.06,37,0,6.31
192,Novobirilyussy,RU,2020-12-02 3:46,56.95,90.67,6.91,94,100,6.33
193,Pallasovka,RU,2020-12-02 3:46,50.05,46.88,11.01,88,0,11.52
194,Waitati,NZ,2020-12-02 3:46,-45.75,170.57,66.58,32,45,23.31
195,Penzance,GB,2020-12-02 3:46,50.12,-5.54,48.2,93,99,5.82
196,Satis,RU,2020-12-02 3:46,54.92,43.23,19.4,93,97,7.74
197,Chokurdakh,RU,2020-12-02 3:46,70.63,147.92,-0.09,94,95,10.67
198,Randazzo,IT,2020-12-02 3:46,37.88,14.95,57,82,89,3.67
199,Bud,US,2020-12-02 3:46,39.45,-86.18,26.01,79,1,6.49
200,Raha,IN,2020-12-02 3:46,26.23,92.52,71.89,74,5,4.92
201,Great Yarmouth,GB,2020-12-02 3:46,52.61,1.73,42.01,93,84,3.36
202,Mantua,IT,2020-12-02 3:46,45.17,10.78,36,93,100,8.01
203,Mafinga,TZ,2020-12-02 3:46,-7.25,35.07,71.87,75,94,1.59
204,Chuncheng,CN,2020-12-02 3:46,22.17,111.79,73,43,0,9.15
205,Thunder Bay,CA,2020-12-02 3:46,48.4,-89.32,14,100,5,3.36
206,Chuy,UY,2020-12-02 3:46,-33.7,-53.46,60.67,89,30,7.9
207,Naryan-Mar,RU,2020-12-02 3:46,67.67,53.09,26.22,96,96,23.04
208,Coihaique,CL,2020-12-02 3:46,-45.58,-72.07,44.6,75,90,4.7
209,Naze,JP,2020-12-02 3:46,28.37,129.48,71.6,78,75,10.29
210,Richards Bay,ZA,2020-12-02 3:46,-28.78,32.04,67.03,78,97,14.12
211,Cidreira,BR,2020-12-02 3:45,-30.18,-50.21,70.02,84,82,17.6
212,Rayagada,IN,2020-12-02 3:46,19.17,83.42,76.39,53,99,2.77
213,Callaway,US,2020-12-02 3:46,30.15,-85.57,41,60,1,4.59
214,Merauke,ID,2020-12-02 3:46,-8.47,140.33,86.27,72,100,8.95
215,Kaitangata,NZ,2020-12-02 3:46,-46.28,169.85,64.99,45,63,5.01
216,Mareeba,AU,2020-12-02 3:46,-17,145.43,90,55,40,10.29
217,Novopskov,UA,2020-12-02 3:46,49.55,39.09,21.65,93,21,11.1
218,Hilo,US,2020-12-02 3:46,19.73,-155.09,77,65,20,3.36
219,Cradock,ZA,2020-12-02 3:42,-32.16,25.62,48.33,62,57,7.99
220,Pangai,TO,2020-12-02 3:46,-19.8,-174.35,80.6,78,40,5.82
221,Christchurch,NZ,2020-12-02 3:46,-43.53,172.63,75.2,25,77,9.17
222,Namibe,AO,2020-12-02 3:46,-15.2,12.15,68.45,70,53,4.68
223,Rapid Valley,US,2020-12-02 3:46,44.06,-103.15,32,90,90,29.97
224,Abastumani,GE,2020-12-02 3:46,41.71,42.85,48.2,92,40,9.17
225,Natal,BR,2020-12-02 3:46,-5.79,-35.21,78.8,78,40,11.41
226,Port Hedland,AU,2020-12-02 3:46,-20.32,118.57,102.2,31,29,16.11
227,Hofn,IS,2020-12-02 3:46,64.25,-15.21,38.26,74,0,14.47
228,Mitu,CO,2020-12-02 3:46,1.2,-70.17,72.18,97,95,1.66
229,Wewak,PG,2020-12-02 3:46,-3.55,143.63,82.38,77,77,1.32
230,Marawi,PH,2020-12-02 3:46,8,124.29,84.99,78,91,4
231,Vung Tau,VN,2020-12-02 3:44,10.35,107.08,83.12,71,27,25.26
232,Cakovec,HR,2020-12-02 3:46,46.38,16.43,30,73,100,1.01
233,Caravelas,BR,2020-12-02 3:46,-17.71,-39.25,75.42,88,35,7.36
234,Bandarbeyla,SO,2020-12-02 3:46,9.49,50.81,77.02,78,37,7.31
235,Dingle,PH,2020-12-02 3:46,11,122.67,83.68,81,100,9.98
236,Klyuchi,RU,2020-12-02 3:46,52.27,79.17,1.54,93,53,3.4
237,Bitam,GA,2020-12-02 3:46,2.08,11.5,69.35,93,86,4.14
238,Guerrero Negro,MX,2020-12-02 3:46,27.98,-114.06,60.93,63,0,6.73
239,Yeniseysk,RU,2020-12-02 3:46,58.45,92.17,4.95,94,96,4.21
240,Huari,PE,2020-12-02 3:46,-9.33,-77.23,40.84,94,100,0.31
241,Calvinia,ZA,2020-12-02 3:46,-31.47,19.78,50.18,68,0,4.99
242,Asau,RO,2020-12-02 3:46,46.43,26.4,30.2,80,90,3.36
243,Key West,US,2020-12-02 3:42,24.56,-81.78,64.4,63,1,9.17
244,Kabompo,ZM,2020-12-02 3:46,-13.59,24.2,65.37,98,100,4.45
245,Ixtapa,MX,2020-12-02 3:46,20.7,-105.2,77,83,75,0.51
246,Skjervoy,NO,2020-12-02 3:46,70.03,20.97,36.01,76,100,16.82
247,Buraydah,SA,2020-12-02 3:46,26.33,43.98,60.8,100,40,8.05
248,Gizo,SB,2020-12-02 3:46,-8.1,156.84,85.93,66,99,5.32
249,Esperance,AU,2020-12-02 3:46,-33.87,121.9,73.4,33,39,11.41
250,Saint George,US,2020-12-02 3:44,37.1,-113.58,48.2,23,1,17.22
251,Cockburn Town,TC,2020-12-02 3:46,21.46,-71.14,78.85,63,44,6.26
252,Oussouye,SN,2020-12-02 3:46,12.48,-16.55,75.2,94,0,4.7
253,Kahului,US,2020-12-02 3:46,20.89,-156.47,78.8,57,20,16.11
254,Nantucket,US,2020-12-02 3:43,41.28,-70.1,48.2,70,90,20.8
255,Mitsamiouli,KM,2020-12-02 3:46,-11.38,43.28,80.71,79,90,12.48
256,Resistencia,AR,2020-12-02 3:46,-27.46,-58.98,80.01,78,0,3.36
257,Celaliye,TR,2020-12-02 3:46,41.05,28.42,43,86,75,12.75
258,Saskylakh,RU,2020-12-02 3:46,71.92,114.08,9.45,95,94,6.69
259,Jalu,LY,2020-12-02 3:46,29.03,21.55,54.88,87,0,6.8
260,Torbay,CA,2020-12-02 3:46,47.67,-52.73,44.01,93,90,19.46
261,Gauribidanur,IN,2020-12-02 3:46,13.61,77.52,64.4,100,59,4.7
262,Whitehorse,CA,2020-12-02 3:46,60.72,-135.05,33.8,94,90,18.34
263,Ostrov,RU,2020-12-02 3:46,57.34,28.35,32,97,90,6.71
264,Husavik,IS,2020-12-02 3:46,66.04,-17.34,37.4,69,90,16.11
265,Pembroke,CA,2020-12-02 3:46,45.82,-77.12,28.4,92,90,6.93
266,Puno,PE,2020-12-02 3:46,-15.83,-70.03,47.44,71,100,5.59
267,Angoram,PG,2020-12-02 3:46,-4.06,144.07,80.47,92,92,1.54
268,Pangnirtung,CA,2020-12-02 3:46,66.15,-65.71,5.52,82,54,5.3
269,Ormara,PK,2020-12-02 3:46,25.21,64.64,76.26,39,0,6.31
270,Tabou,CI,2020-12-02 3:46,4.42,-7.35,77.4,85,36,4.65
271,Kruisfontein,ZA,2020-12-02 3:45,-34,24.73,55.99,92,20,8.48
272,Pisco,PE,2020-12-02 3:46,-13.7,-76.22,66.2,82,0,10.29
273,Dzierzoniow,PL,2020-12-02 3:46,50.73,16.65,28,54,0,3.24
274,Narsaq,GL,2020-12-02 3:46,60.92,-46.05,12.2,51,26,8.05
275,Wladyslawowo,PL,2020-12-02 3:46,54.79,18.4,30,92,4,6.93
276,Bengkulu,ID,2020-12-02 3:46,-3.8,102.27,83.84,61,25,5.35
277,Sepolno Krajenskie,PL,2020-12-02 3:46,53.45,17.53,34,92,8,6.93
278,Udachnyy,RU,2020-12-02 3:46,66.42,112.4,14,92,75,13.42
279,Puerto Carreno,CO,2020-12-02 3:46,6.19,-67.49,75.99,92,100,0.18
280,Miquelon,PM,2020-12-02 3:46,47.1,-56.38,44.19,90,91,20.18
281,Lagoa,PT,2020-12-02 3:44,39.05,-27.98,62.26,78,99,33.22
282,Rio De Jesus,PA,2020-12-02 3:46,7.98,-81.16,73.6,93,100,2.46
283,Genhe,CN,2020-12-02 3:46,50.78,121.52,4.17,84,3,3.49
284,Bubaque,GW,2020-12-02 3:46,11.28,-15.83,80.69,64,100,14.2
285,Yenangyaung,MM,2020-12-02 3:46,20.47,94.88,80.17,55,37,6.22
286,Mandalgovi,MN,2020-12-02 3:46,45.76,106.27,6.35,85,0,6.58
287,Vakhrushev,RU,2020-12-02 3:46,48.98,142.97,21.51,84,83,12.95
288,Tyukhtet,RU,2020-12-02 3:46,56.54,89.3,6.78,94,100,6.35
289,Evensk,RU,2020-12-02 3:43,61.95,159.23,-4.86,74,23,3.8
290,Sakakah,SA,2020-12-02 3:46,29.97,40.21,59,82,75,5.82
291,Abha,SA,2020-12-02 3:47,18.22,42.51,51.8,93,20,3.02
292,Ode,NG,2020-12-02 3:47,7.79,5.71,67.91,96,0,2.91
293,Pauini,BR,2020-12-02 3:47,-7.71,-66.98,75.49,76,84,1.57
294,Montepuez,MZ,2020-12-02 3:47,-13.13,39,73.02,86,99,5.46
295,Oskemen,KZ,2020-12-02 3:47,49.96,82.61,-9.4,83,40,0.22
296,Paka,MY,2020-12-02 3:47,4.64,103.44,86,74,40,4.7
297,Praia Da Vitoria,PT,2020-12-02 3:47,38.73,-27.07,60.8,87,75,32.66
298,Broken Hill,AU,2020-12-02 3:47,-31.95,141.43,64.4,34,75,14.99
299,Tazovskiy,RU,2020-12-02 3:47,67.47,78.7,12.83,96,100,17.54
300,Progreso,MX,2020-12-02 3:47,21.28,-89.67,69.8,73,40,6.93
301,Puerto Madero,MX,2020-12-02 3:47,14.72,-92.42,77,100,20,2.98
302,Shache,CN,2020-12-02 3:47,38.42,77.24,28.65,81,10,1.54
303,Barrow,US,2020-12-02 3:45,71.29,-156.79,6.8,77,90,18.34
304,Khani,GE,2020-12-02 3:47,41.96,42.96,48.2,67,40,9.17
305,Vestmannaeyjar,IS,2020-12-02 3:47,63.44,-20.27,37.99,76,81,24.16
306,Matane,CA,2020-12-02 3:47,48.83,-67.52,50,93,100,11.41
307,Sabang,ID,2020-12-02 3:47,5.89,95.32,82.31,72,48,1.97
308,Port Hardy,CA,2020-12-02 3:45,50.7,-127.42,44.6,86,20,3.36
309,Broome,US,2020-12-02 3:47,42.25,-75.83,33.01,86,90,13.87
310,Aasiaat,GL,2020-12-02 3:47,68.71,-52.87,16.84,93,97,3.49
311,Pitimbu,BR,2020-12-02 3:43,-7.47,-34.81,78.8,83,20,8.05
312,Oriximina,BR,2020-12-02 3:47,-1.77,-55.87,75.52,86,47,3.65
313,Khandbari,NP,2020-12-02 3:47,27.37,87.2,69.6,40,2,2.68
314,Bhaderwah,IN,2020-12-02 3:47,32.98,75.72,57.33,35,0,2.17
315,Tselina,RU,2020-12-02 3:47,46.53,41.03,34.81,87,99,17.94
316,Faanui,PF,2020-12-02 3:47,-16.48,-151.75,80.1,80,9,15.21
317,Fort Nelson,CA,2020-12-02 3:45,58.81,-122.7,24.8,92,75,3.36
318,Cayenne,GF,2020-12-02 3:47,4.93,-52.33,77,100,0,2.24
319,Komsomolskiy,UZ,2020-12-02 3:47,40.43,71.72,37.4,74,100,4.7
320,Kousseri,CM,2020-12-02 3:47,12.08,15.03,64.4,27,7,6.93
321,Sindou,BF,2020-12-02 3:47,10.67,-5.17,70.16,23,0,2.51
322,Hashtrud,IR,2020-12-02 3:47,37.48,47.05,31.75,94,82,0.63
323,Morgan City,US,2020-12-02 3:47,29.7,-91.21,44.6,100,1,4.14
324,Lexington Park,US,2020-12-02 3:47,38.27,-76.45,42.8,48,40,10.29
325,Kutum,SD,2020-12-02 3:47,14.2,24.67,55.18,35,0,4.81
326,Port Macquarie,AU,2020-12-02 3:47,-31.43,152.92,75.2,73,76,19.46
327,Shenzhen,CN,2020-12-02 3:45,22.55,114.07,73,66,0,3
328,Sinyavskoye,RU,2020-12-02 3:47,47.28,39.28,26.6,79,75,20.13
329,Mundo Nuevo,MX,2020-12-02 3:47,18.7,-95.5,71.73,84,100,6.55
330,Ayan,RU,2020-12-02 3:47,56.45,138.17,10.96,82,96,15.37
331,Moyale,KE,2020-12-02 3:47,3.52,39.06,68.05,66,55,3.74
332,Riachao Do Jacuipe,BR,2020-12-02 3:47,-11.81,-39.39,71.28,85,7,5.66
333,Kaoma,ZM,2020-12-02 3:47,-14.78,24.8,66.6,92,100,5.68
334,Pishin,PK,2020-12-02 3:47,30.58,67,56.86,34,0,0.58
335,Mahebourg,MU,2020-12-02 3:46,-20.41,57.7,77,94,40,8.05
336,Cherskiy,RU,2020-12-02 3:44,68.75,161.3,-17.19,86,1,5.77
337,Sao Joao Da Barra,BR,2020-12-02 3:47,-21.64,-41.05,74.75,93,100,6.11
338,Irbeyskoye,RU,2020-12-02 3:47,55.64,95.45,12.52,93,100,9.37
339,Newport,GB,2020-12-02 3:46,51.59,-3,42.01,92,86,2.73
340,Sevlievo,BG,2020-12-02 3:47,43.03,25.11,23,77,47,2.1
341,Luohe,CN,2020-12-02 3:47,33.57,114.04,42.31,65,57,5.32
342,Nuevo Ideal,MX,2020-12-02 3:47,24.89,-105.07,48.16,52,0,6.78
343,Kuandian,CN,2020-12-02 3:47,40.73,124.78,28.85,71,100,4.14
344,Marsa Matruh,EG,2020-12-02 3:47,31.35,27.25,53.6,100,40,6.93
345,Araouane,ML,2020-12-02 3:47,18.9,-3.53,73.81,20,97,10.47
346,Mehamn,NO,2020-12-02 3:47,71.04,27.85,28.72,93,100,11.99
347,Aksu,CN,2020-12-02 3:45,41.12,80.26,26.01,84,69,4.85
348,Karema,TZ,2020-12-02 3:47,-6.82,30.44,70.18,82,100,5.23
349,Nioro,GM,2020-12-02 3:47,13.35,-15.75,70.95,50,81,6.93
350,Eston,CA,2020-12-02 3:47,51.15,-108.75,17.01,78,20,6.93
351,North Augusta,US,2020-12-02 3:46,33.5,-81.97,37.4,55,1,5.82
352,Nouadhibou,MR,2020-12-02 3:47,20.93,-17.03,66.2,88,100,9.17
353,San Vicente,AR,2020-12-02 3:45,-26.62,-54.13,66.92,87,12,1.86
354,Shu,KZ,2020-12-02 3:47,43.6,73.76,29.89,83,56,0.85
355,Itainopolis,BR,2020-12-02 3:47,-7.45,-41.48,80.91,46,73,1.59
356,Talaya,RU,2020-12-02 3:47,61.38,152.75,-6.92,83,0,2.84
357,Ipueiras,BR,2020-12-02 3:43,-7.03,-40.45,76.05,49,88,4.25
358,Paita,PE,2020-12-02 3:47,-5.09,-81.11,66.43,82,86,8.57
359,Parry Sound,CA,2020-12-02 3:42,45.35,-80.03,28.99,92,100,15.39
360,Zhigansk,RU,2020-12-02 3:47,66.77,123.37,-10.97,90,100,22.3
361,Mao,ES,2020-12-02 3:44,39.89,4.27,51.8,76,0,19.46
362,Guanica,PR,2020-12-02 3:47,17.97,-66.91,73,92,79,4.18
363,Waverly,US,2020-12-02 3:47,42.74,-84.62,30.99,74,1,13.87
364,Walvis Bay,NA,2020-12-02 3:44,-22.96,14.51,55.99,93,30,10.29
365,Baykit,RU,2020-12-02 3:47,61.67,96.37,-6.27,87,71,2.93
366,Castelo Do Piaui,BR,2020-12-02 3:47,-5.32,-41.55,78.33,55,25,1.97
367,Laguna,US,2020-12-02 3:47,38.42,-121.42,48.99,70,1,1.95
368,Chitipa,MW,2020-12-02 3:47,-9.7,33.27,66.76,80,98,1.63
369,Ermioni,GR,2020-12-02 3:47,37.39,23.24,54,80,86,6.38
370,Baruun-Urt,MN,2020-12-02 3:47,46.68,113.28,10,88,1,10.02
371,Nuuk,GL,2020-12-02 3:47,64.18,-51.72,21.2,67,1,9.17
372,Ancud,CL,2020-12-02 3:47,-41.87,-73.82,52,93,75,4.7
373,Sabzevar,IR,2020-12-02 3:47,36.21,57.68,41,86,46,6.93
374,Ambanja,MG,2020-12-02 3:47,-13.68,48.45,79.05,79,20,2.71
375,Otane,NZ,2020-12-02 3:47,-39.88,176.63,68,61,77,3
376,Guangyuan,CN,2020-12-02 3:47,32.44,105.82,48,89,86,9.01
377,Kamenskiy,RU,2020-12-02 3:47,50.89,45.49,9.73,95,5,10.11
378,Kholm,RU,2020-12-02 3:47,59.27,32.85,30.4,97,100,7.31
379,Tuatapere,NZ,2020-12-02 3:47,-46.13,167.68,48.6,91,65,10.89
380,Yatou,CN,2020-12-02 3:47,37.15,122.38,42.19,65,79,3.51
381,California City,US,2020-12-02 3:47,35.13,-117.99,54,33,1,10.29
382,Iranshahr,IR,2020-12-02 3:47,27.2,60.68,55.4,17,0,6.93
383,Dzerzhinskoye,RU,2020-12-02 3:47,56.83,95.23,8.6,92,85,5.91
384,Kulai,MY,2020-12-02 3:47,1.66,103.6,93,88,40,4.09
385,Cutler Ridge,US,2020-12-02 3:47,25.58,-80.34,53.6,81,1,4.7
386,Atar,MR,2020-12-02 3:47,20.52,-13.05,76.17,23,100,3.74
387,Ballina,AU,2020-12-02 3:47,-28.87,153.57,95,62,14,18.34
388,Ayr,GB,2020-12-02 3:47,55.46,-4.63,48.99,93,75,8.05
389,Tiznit,MA,2020-12-02 3:47,29.58,-9.5,58.46,51,0,3.27
390,Duncan,US,2020-12-02 3:45,34.5,-97.96,45,45,1,12.75
391,Piacabucu,BR,2020-12-02 3:44,-10.41,-36.43,76.37,85,4,8.37
392,Jardim,BR,2020-12-02 3:47,-21.48,-56.14,72.81,94,48,3.02
393,Arua,UG,2020-12-02 3:47,3.02,30.91,64.22,70,100,1.92
394,Frontera,MX,2020-12-02 3:47,26.93,-101.45,57,37,0,1.01
395,Road Town,VG,2020-12-02 3:43,18.42,-64.62,75.99,85,58,1.01
396,Vila Velha,BR,2020-12-02 3:47,-20.33,-40.29,77,88,75,8.05
397,Sinnamary,GF,2020-12-02 3:47,5.38,-52.95,77.45,87,79,9.55
398,Marquette,US,2020-12-02 3:47,46.53,-87.63,30,78,0,8.01
399,Tura,IN,2020-12-02 3:47,25.52,90.22,75.16,58,0,1.54
400,Davila,PH,2020-12-02 3:47,18.47,120.58,82.4,74,75,25.28
401,Ahtopol,BG,2020-12-02 3:47,42.1,27.95,32,93,20,5.82
402,Poum,NC,2020-12-02 3:47,-20.23,164.02,77.67,69,0,13.91
403,Yar-Sale,RU,2020-12-02 3:47,66.83,70.83,19.08,93,30,19.71
404,Orel-Izumrud,RU,2020-12-02 3:47,43.46,39.92,48.2,61,90,6.71
405,Denpasar,ID,2020-12-02 3:45,-8.65,115.22,84.2,79,40,4.7
406,Canakkale,TR,2020-12-02 3:47,40.08,26.83,35.6,80,20,6.93
407,Kununurra,AU,2020-12-02 3:47,-15.77,128.73,86,70,99,5.82
408,Hovd,MN,2020-12-02 3:45,48.01,91.64,12.42,80,0,1.19
409,Skibbereen,IE,2020-12-02 3:47,51.55,-9.27,48.2,87,75,6.93
410,Bilma,NE,2020-12-02 3:47,18.69,12.92,60.46,29,0,9.98
411,Ilulissat,GL,2020-12-02 3:47,69.22,-51.1,17.6,67,99,8.05
412,Santo Tomas,PH,2020-12-02 3:47,14.11,121.14,86,70,75,8.05
413,Zabol,AF,2020-12-02 3:47,32.25,67.25,50.5,43,0,0.45
414,Palmer,US,2020-12-02 3:47,42.16,-72.33,42.8,52,75,9.17
415,Huarmey,PE,2020-12-02 3:47,-10.07,-78.15,67.05,79,100,7.25
416,Matamoros,MX,2020-12-02 3:47,25.53,-103.25,64.4,36,5,1.3
417,Warrington,GB,2020-12-02 3:47,53.39,-2.58,44.01,93,100,5.5
418,Matagami,CA,2020-12-02 3:47,49.75,-77.63,17.6,92,75,16.11
419,Novoagansk,RU,2020-12-02 3:47,61.94,76.66,10.36,95,95,12.39
420,Khasan,RU,2020-12-02 3:47,42.43,130.64,30.94,76,37,9.26
421,Doboj,BA,2020-12-02 3:47,44.73,18.09,30.2,100,75,1.12
422,Lanivtsi,UA,2020-12-02 3:46,49.86,26.09,24.03,98,56,5.1
423,Tomatlan,MX,2020-12-02 3:47,19.93,-105.25,72.63,85,94,1.48
424,Altus,US,2020-12-02 3:45,34.64,-99.33,44.6,52,1,12.75
425,Sulangan,PH,2020-12-02 3:47,11.14,123.72,83.21,77,100,8.01
426,Mayumba,GA,2020-12-02 3:47,-3.43,10.66,77.11,89,100,5.95
427,Mosquera,CO,2020-12-02 3:47,4.71,-74.23,53.6,100,40,4.7
428,Kasempa,ZM,2020-12-02 3:47,-13.46,25.83,63.63,96,98,3.96
429,Galveston,US,2020-12-02 3:42,29.37,-94.97,64.99,55,75,21.92
430,Port-Gentil,GA,2020-12-02 3:45,-0.72,8.78,79.5,83,100,12.75
431,Myskhako,RU,2020-12-02 3:47,44.67,37.74,37.4,86,75,17.9
432,Feni,BD,2020-12-02 3:47,23.02,91.41,76.32,57,0,3.13
433,Rupert,US,2020-12-02 3:47,42.62,-113.68,24.8,79,1,3.36
434,Kembe,CF,2020-12-02 3:47,4.62,21.89,67.05,50,0,2.28
435,Lavrentiya,RU,2020-12-02 3:47,65.58,-171,9.32,89,0,13.8
436,Sungairaya,ID,2020-12-02 3:47,0.7,108.9,88.61,60,0,5.88
437,Kanye,BW,2020-12-02 3:47,-24.97,25.33,62.91,30,0,6.76
438,Betlitsa,RU,2020-12-02 3:47,54.01,33.96,23.18,97,96,5.7
439,Dehloran,IR,2020-12-02 3:47,32.69,47.27,64.11,51,98,9.71
440,Ponta Do Sol,PT,2020-12-02 3:47,32.67,-17.1,62.6,82,40,10.29
441,Dzhebariki-Khaya,RU,2020-12-02 3:47,62.22,135.8,-7.42,90,100,4.18
442,Lunenburg,CA,2020-12-02 3:47,44.38,-64.32,57.99,100,100,27.51
443,Vestmanna,FO,2020-12-02 3:47,62.16,-7.17,42.8,81,75,14.99
444,Bandar-E Lengeh,IR,2020-12-02 3:47,26.56,54.88,66.2,82,6,4.7
445,Black River,JM,2020-12-02 3:47,18.03,-77.85,80.01,74,40,6.93
446,Amsterdam,NL,2020-12-02 3:45,52.37,4.89,44.01,93,75,3.36
447,Amuntai,ID,2020-12-02 3:43,-2.42,115.25,90.72,55,100,2.04
448,Kaeo,NZ,2020-12-02 3:47,-35.1,173.78,71.01,71,66,8.99
449,Fare,PF,2020-12-02 3:47,-16.7,-151.02,81.19,75,26,14.18
450,Gafanha Da Encarnacao,PT,2020-12-02 3:47,40.62,-8.73,54,93,0,3.36
451,Salalah,OM,2020-12-02 3:44,17.02,54.09,77,78,75,3.36
452,Castelnaudary,FR,2020-12-02 3:47,43.32,1.95,42.01,86,90,17.22
453,Bodden Town,KY,2020-12-02 3:47,19.28,-81.25,78.8,88,75,11.41
454,Qandala,SO,2020-12-02 3:47,11.47,49.87,77.88,71,10,2.59
455,Vila Franca Do Campo,PT,2020-12-02 3:47,37.72,-25.43,60.8,87,75,24.16
456,Aykhal,RU,2020-12-02 3:47,66,111.5,14,92,75,13.42
457,Shimoda,JP,2020-12-02 3:47,34.67,138.95,50,93,75,20.8
458,Parabel,RU,2020-12-02 3:47,58.7,81.48,5.23,93,0,6.62
459,Grindavik,IS,2020-12-02 3:47,63.84,-22.43,33.8,80,75,17.22
460,Sechura,PE,2020-12-02 3:47,-5.56,-80.82,68.61,74,77,12.5
461,Kalmunai,LK,2020-12-02 3:47,7.42,81.82,76.21,89,100,21.39
462,Bhadrapur,NP,2020-12-02 3:47,26.54,88.09,74.08,46,0,3.49
463,Wukari,NG,2020-12-02 3:47,7.85,9.78,68.99,28,1,1.19
464,Moose Factory,CA,2020-12-02 3:47,51.26,-80.61,19.4,92,1,6.93
465,Setermoen,NO,2020-12-02 3:47,68.86,18.35,23,100,97,21.92
466,Ketchikan,US,2020-12-02 3:47,55.34,-131.65,46.4,93,90,23.04
467,Mugur-Aksy,RU,2020-12-02 3:47,50.35,90.5,4.86,77,11,2.82
468,Kungurtug,RU,2020-12-02 3:47,50.6,97.52,2.61,86,94,1.34
469,Cabra,ES,2020-12-02 3:47,37.47,-4.44,46,85,0,2.77
470,Rincon,US,2020-12-02 3:47,32.3,-81.24,37,74,1,8.05
471,Makakilo City,US,2020-12-02 3:47,21.35,-158.09,82.4,65,40,6.93
472,Neiafu,TO,2020-12-02 3:45,-18.65,-173.98,82.4,69,75,10.29
473,Tuy Hoa,VN,2020-12-02 3:47,13.08,109.3,77.54,82,49,17.87
474,Chala,TZ,2020-12-02 3:47,-7.58,31.27,60.8,87,75,0.4
475,Ust-Kuyga,RU,2020-12-02 3:47,70.02,135.6,-7.69,89,100,8.1
476,Tres Arroyos,AR,2020-12-02 3:47,-38.37,-60.28,70.34,29,3,17.69
477,Grandview,US,2020-12-02 3:42,38.89,-94.53,41,47,1,8.05
478,Saint Anthony,US,2020-12-02 3:47,45.02,-93.22,28.99,68,20,2.48
479,Aswan,EG,2020-12-02 3:47,24.09,32.91,53.46,42,0,4.65
480,Fukue,JP,2020-12-02 3:47,32.69,128.84,59,47,40,9.17
481,Velka Nad Velickou,CZ,2020-12-02 3:47,48.88,17.52,28.99,100,2,2.24
482,Moranbah,AU,2020-12-02 3:47,-22,148.05,101.46,22,3,11.74
483,Saint-Pierre,RE,2020-12-02 3:47,-21.34,55.48,80.6,69,90,2.24
484,Kondoa,TZ,2020-12-02 3:47,-4.9,35.78,64.44,88,87,3.67
485,Banyo,CM,2020-12-02 3:47,6.75,11.82,64.81,40,87,2.73
486,Borogontsy,RU,2020-12-02 3:47,62.67,131.17,-15.77,88,100,3.91
487,Haines Junction,CA,2020-12-02 3:47,60.75,-137.51,32.77,94,100,4.32
488,Deputatskiy,RU,2020-12-02 3:47,69.3,139.9,-5.85,91,100,5.48
489,Dafeng,CN,2020-12-02 3:47,23.45,108.59,57.67,60,92,7.45
490,Turukhansk,RU,2020-12-02 3:47,65.82,87.98,8.1,95,100,19.06
491,Noumea,NC,2020-12-02 3:47,-22.28,166.46,87.8,45,0,13.87
492,Arak,IR,2020-12-02 3:47,34.09,49.69,39.49,72,17,1.74
493,Bairiki,KI,2020-12-02 3:47,1.33,172.98,84.2,70,40,11.41
494,Codrington,AU,2020-12-02 3:47,-38.27,141.97,58.17,57,5,14.14
495,Kolpashevo,RU,2020-12-02 3:47,58.31,82.91,4.57,94,54,5.39
496,Vysotsk,RU,2020-12-02 3:47,60.63,28.57,37.99,96,100,1.01
497,Luanda,AO,2020-12-02 3:47,-8.84,13.23,77,88,75,2.24
498,Alamogordo,US,2020-12-02 3:45,32.9,-105.96,46.4,20,1,12.75
499,Palau,PW,2020-12-02 3:47,7.5,134.62,84.2,74,75,5.82
500,Cabedelo,BR,2020-12-02 3:45,-6.98,-34.83,78.8,83,20,8.05
501,Adre,TD,2020-12-02 3:47,13.47,22.2,61.9,28,4,11.32
502,Yakeshi,CN,2020-12-02 3:47,49.28,120.73,1.67,92,68,5.3
503,Santa Lucia,ES,2020-12-02 3:47,27.91,-15.54,64.99,72,20,2.24
504,Mhango,TZ,2020-12-02 3:47,-3.28,32.85,67.71,80,96,1.32
505,Chontalpa,MX,2020-12-02 3:47,17.7,-93.52,65.05,95,100,2.95
506,Honningsvag,NO,2020-12-02 3:47,70.98,25.97,34.52,84,100,17.9
507,Kribi,CM,2020-12-02 3:47,2.95,9.92,78.75,86,16,6.73
508,Vieux-Habitants,GP,2020-12-02 3:47,16.06,-61.77,69.8,94,20,1.12
509,Qui Nhon,VN,2020-12-02 3:44,13.77,109.23,77.36,79,61,20.76
510,Martinsburg,US,2020-12-02 3:47,39.46,-77.96,36,55,90,13.87
511,Athabasca,CA,2020-12-02 3:47,54.72,-113.29,28.4,58,15,5.82
512,Kisangani,CD,2020-12-02 3:47,0.52,25.2,73.09,79,100,0.92
513,Kafue,ZM,2020-12-02 3:47,-15.77,28.18,70.32,85,100,1.72
514,Sambava,MG,2020-12-02 3:47,-14.27,50.17,77.61,79,90,3.56
515,Havre-Saint-Pierre,CA,2020-12-02 3:47,50.23,-63.6,48.2,93,75,18.34
516,Velsk,RU,2020-12-02 3:47,61.07,42.1,26.38,96,100,9.73
517,Hohhot,CN,2020-12-02 3:46,40.81,111.65,17.6,52,0,20.13
518,Vanino,RU,2020-12-02 3:47,49.09,140.25,16.02,73,92,9.91
519,Horta,PT,2020-12-02 3:43,38.53,-28.63,62.04,79,100,31.54
520,Geraldton,AU,2020-12-02 3:47,-28.77,114.6,78.8,29,0,17.22
521,Adrar,MR,2020-12-02 3:47,20.5,-10.07,76.01,19,93,8.97
522,Gobabis,NA,2020-12-02 3:47,-22.45,18.97,66.2,15,1,3.36
523,Inuvik,CA,2020-12-02 3:47,68.35,-133.72,1.4,84,14,5.82
524,Wamba,NG,2020-12-02 3:47,8.93,8.6,70.23,23,0,3.02
525,Demyanovo,RU,2020-12-02 3:47,60.35,47.08,20.59,96,99,7.83
526,Zyryanovsk,KZ,2020-12-02 3:47,49.74,84.27,5.47,88,0,0.11
527,Beihai,CN,2020-12-02 3:47,21.48,109.1,67.73,56,82,11.32
528,High Level,CA,2020-12-02 3:47,58.52,-117.14,14,100,75,2.24
529,Riyadh,SA,2020-12-02 3:47,24.69,46.72,62.6,93,75,5.82
530,Tezu,IN,2020-12-02 3:47,27.92,96.17,75.34,29,1,2.95
531,Urdoma,RU,2020-12-02 3:47,61.75,48.54,21.74,96,100,8.79
532,Jiwani,PK,2020-12-02 3:47,25.05,61.74,74.44,54,0,4.94
533,Staryy Krym,UA,2020-12-02 3:47,45.03,35.1,36.91,88,3,2.04
534,Melfi,IT,2020-12-02 3:47,41,15.65,42.01,80,75,5.82
535,Brejo Da Madre De Deus,BR,2020-12-02 3:47,-8.15,-36.37,67.78,89,49,7.18
536,Yuksekova,TR,2020-12-02 3:46,37.57,44.29,32,89,90,4.7
537,Ngawen,ID,2020-12-02 3:47,-7,111.31,87.53,62,77,0.22
538,Maniitsoq,GL,2020-12-02 3:47,65.42,-52.9,14.43,90,89,12.37
539,Yerbogachen,RU,2020-12-02 3:47,61.28,108.01,6.39,92,100,15.03
540,Lensk,RU,2020-12-02 3:47,60.73,114.93,12.25,93,100,17.29
541,Bonthe,SL,2020-12-02 3:47,7.53,-12.51,77.99,86,14,2.21
542,Siniscola,IT,2020-12-02 3:47,40.57,9.69,51.8,71,0,9.17
543,Taltal,CL,2020-12-02 3:47,-25.4,-70.48,58.53,79,26,1.1
544,Khambhat,IN,2020-12-02 3:47,22.3,72.62,69.8,64,6,5.82
545,Ambilobe,MG,2020-12-02 3:47,-13.2,49.05,80.06,70,48,6.13
546,Iskateley,RU,2020-12-02 3:44,67.68,53.15,26.11,96,97,23
547,Maribondo,BR,2020-12-02 3:47,-9.58,-36.31,73.4,94,0,3.36
548,Kamuli,UG,2020-12-02 3:47,0.95,33.12,61.93,90,54,1.79
549,Teguise,ES,2020-12-02 3:47,29.06,-13.56,60.8,87,0,6.93
550,Namatanai,PG,2020-12-02 3:47,-3.67,152.43,83.97,71,100,4.63
551,Ashland,US,2020-12-02 3:47,40.82,-82.27,32,96,90,16.11
552,Margate,GB,2020-12-02 3:45,51.38,1.39,44.01,74,63,3
553,Sept-Iles,CA,2020-12-02 3:47,50.2,-66.38,43,100,100,8.05
554,Aklavik,CA,2020-12-02 3:47,68.22,-135.01,1.4,84,2,5.82
555,Wawa,NG,2020-12-02 3:47,9.9,4.42,69.8,27,3,0.87
556,San Jose,US,2020-12-02 3:43,37.34,-121.89,53.6,58,5,1.72
557,Edgewater,US,2020-12-02 3:43,28.99,-80.9,43,70,1,5.82
558,Corrientes,AR,2020-12-02 3:47,-27.48,-58.83,80.01,84,0,3.06
559,Nahrin,AF,2020-12-02 3:47,36.06,69.13,52.83,42,0,2.68
560,Abhar,IR,2020-12-02 3:47,36.15,49.22,37.89,76,0,2.15
561,Balkanabat,TM,2020-12-02 3:47,39.51,54.37,42.55,64,0,5.1
562,Sur,OM,2020-12-02 3:47,22.57,59.53,74.88,68,0,1.81
563,Altay,CN,2020-12-02 3:47,47.87,88.12,16.66,70,0,2.82
564,Jitra,MY,2020-12-02 3:47,6.27,100.42,82.4,78,20,3.36
565,Lokosovo,RU,2020-12-02 3:47,61.13,74.82,10.83,95,94,10.38
566,Monrovia,LR,2020-12-02 3:47,6.3,-10.8,77,94,40,4.7
567,Sawtell,AU,2020-12-02 3:47,-30.38,153.1,78.8,65,40,17.22
568,Talavera De La Reina,ES,2020-12-02 3:47,39.96,-4.83,43.03,67,63,1.1
569,Ust-Kut,RU,2020-12-02 3:47,56.79,105.77,8.92,91,100,6.2
570,Navahrudak,BY,2020-12-02 3:47,53.6,25.83,19.36,99,0,5.73
571,Isangel,VU,2020-12-02 3:47,-19.55,169.27,86,62,75,5.82
572,Nemuro,JP,2020-12-02 3:47,43.32,145.57,33.8,47,20,5.82
573,Krasnyy Kholm,RU,2020-12-02 3:45,58.06,37.12,20.59,97,92,5.37
574,Vorchdorf,AT,2020-12-02 3:47,48,13.92,28.99,91,79,4
575,Torit,SS,2020-12-02 3:47,4.41,32.57,73.65,64,100,3.22
576,Auki,SB,2020-12-02 3:47,-8.77,160.7,83.84,74,84,1.74
577,Grand Gaube,MU,2020-12-02 3:47,-20.01,57.66,80.01,81,4,5.99
578,Amarwara,IN,2020-12-02 3:47,22.3,79.17,71.26,29,31,4.12